{
  "p_value": 0.8109318906810932,
  "observed_margin": -4.9765,
  "n_shuffles_completed": 100000,
  "n_workers": 7,
  "strongest_naive_sharpe": 1.6994,
  "alpha_used": 0.05623413251903491,
  "cost_pct": 0.3,
  "margin_samples_preview": [
    -5.696616172790527,
    -5.2451043128967285,
    -2.3889057636260986,
    -1.7140957117080688,
    -5.247581481933594,
    -3.5205748081207275,
    -2.0706307888031006,
    -1.7279837131500244,
    -3.4624006748199463,
    -5.699850559234619,
    -1.3766354322433472,
    -6.108341217041016,
    -3.163496971130371,
    -6.842421054840088,
    -5.799274921417236,
    3.0948736667633057,
    -9.087504386901855,
    -3.7759294509887695,
    -5.004205703735352,
    -3.084394693374634,
    -5.9185709953308105,
    -2.8989076614379883,
    -3.4423229694366455,
    -8.99756908416748,
    -0.4700968563556671,
    -4.913678169250488,
    -4.685853004455566,
    0.04935662820935249,
    -1.1264562606811523,
    -3.927175998687744,
    -6.929227352142334,
    -1.7914148569107056,
    -1.7206032276153564,
    -1.9855839014053345,
    -5.173953056335449,
    -1.4787938594818115,
    -6.523308753967285,
    -3.431518077850342,
    -6.43190336227417,
    -5.2045793533325195,
    -2.155618667602539,
    -0.16851547360420227,
    -1.1651272773742676,
    -1.414010763168335,
    -3.8447325229644775,
    -5.558896064758301,
    -3.1208505630493164,
    -0.3120768666267395,
    -4.185944080352783,
    -1.5033193826675415
  ],
  "margin_p50": -2.9022202491760254,
  "margin_p95": 0.853305459022522,
  "margin_p99": 2.1411564350128174
}